s. no,state,year,no.of police station,literacy rate in %,area in  kilometer square,population,district,city
1,Bihar,2025,1434,70.9,"94,163","137,000,000",,
2,Jharkhand,2025,250,66.4,"79,714","41,500,000",,
3,Uttarpradesh,2025,1500,78.2,"2,432,286","241,300,000",,
4,Andhra Pradesh,2025,1021,66.4,"162,970","53,500,000",,
5,Arunachal Pradesh,2025,72,66.95,"83,74,35","1,580,000",,
6,Assam,2025,1000,72.19,"78,438","36,200,000",,
7,Chhatisgarh,2025,1000,78.5,"13,51,92","32,200,000",,
8,Goa,2025,52,100.0,"3,702","1,590,000",,
9,Gujarat,2025,741,82.4,"196,024","72,700,000",,
10,Karnataka,2025,906,77.2,"191,791","68,700,000",,
11,Kerla,2025,564,95.3,"38,863","36,000,000",,
12,Madhya pradesh,2025,1259,75.2,"308,350","87,900,000",,
13,Maharastra,2025,1203,84.8,"307,713","133,900,000",,
14,Manipur,2025,45,92.0,"22,327","3,260,000",,
15,Meghalaya,2025,60,94.2,"22,429","3,420,000",,
16,Mizoram,2025,43,98.2,"21,081","1,309,000",,
17,Nagaland,2025,88,95.7,"16,579","2,070,000",,
18,Odisha,2025,464,72.87,"155,707","46,950,000",,
19,Punjab,2025,1500,75.84,"50,362","33,100,000",,
20,Rajasthan,2025,1014,66.11,"342,239","83,100,000",,
21,Sikkim,2025,29,81.4,"7,096",,,
22,Tamil Nadu,2025,2272,80.09,"130,058","85,300,000",,
23,Telangana,2025,841,74.95,"112,077","38,360,000",,
24,Tripra,2025,87,95.6,"10,491","4,170,000",,
25,Uttrakhand,2025,150,78.8,"53,483","12,460,000",,
26,West Bengal,2025,634,76.3,"88,752","104,600,000",,
27,Haryana,2025,392,75.55,"44,212","30,800,000",,
28,Andaman and Nicobar ,2025,21,86.63,"8,249","399,001",,
29,Chandigarh,2025,16,86.43,114,"1,260,000",,
30,Dadar And Nagar Haveli,2025,10,76.24,603,"58,574",,
31,Delhi - New Delhi,2025,226,86.2,"1,483","34,700,000",,
32,Jammu And Kashmir,2025,30,69.15,"55,538","13,760,000",,
33,Ladakh Leh,2025,4,97.0,"59,146","274,000",,
34,Lakshadweep ,2025,9,97.3,32,"66,000",,
35,Puducherry,2025,30,92.7,479,"1,732,000",,
